Telecom Sector,Project Management Methodology,Risk Category,Risk Type,Risk Description,Risk Owner,Severity,Likelihood,Impact Score,Status,Recommended Action,RMS Step
Network Infrastructure,Waterfall,Regulatory,Compliance,Failure to meet new data protection regulations,Compliance Manager,High,Medium,8,Open,Conduct compliance audit,Identification
Network Infrastructure,Waterfall,Financial,Budget Overrun,Unexpected cost increases in hardware procurement,Finance Lead,Medium,Low,6,Open,Renegotiate supplier contracts,Identification
Network Infrastructure,Waterfall,Operational,System Failure,Frequent outages due to outdated routers,Network Engineer,High,High,9,In Progress,Upgrade hardware,Analysis
Network Infrastructure,Waterfall,Technical,Software Bug,Critical bug found in network management software,IT Manager,High,Medium,8,Open,Patch software,Analysis
Network Infrastructure,Waterfall,Environmental,Flood,Flood risk to underground cabling,Facilities Manager,High,Low,7,Open,Relocate vulnerable assets,Identification
Network Infrastructure,Waterfall,Security,Cyberattack,Network vulnerable to cyber attacks,CISO,High,High,9,Open,Enhance security protocols,Assessment
Network Infrastructure,Waterfall,Human Resources,Workforce Shortage,Shortage of skilled network technicians,HR Manager,Medium,Medium,6,Open,Recruit and train staff,Identification
Network Infrastructure,Waterfall,Strategic,Market Change,Competitor launches superior network technology,Strategy Lead,Medium,Low,6,Open,Review technology roadmap,Identification
Network Infrastructure,Waterfall,Reputational,Negative Press,Negative news coverage due to service outage,PR Manager,High,Medium,8,Open,Issue press release,Response
Network Infrastructure,Waterfall,Customer Impact,Service Downtime,Unplanned extended service downtime,Customer Service Lead,High,High,9,Open,Notify customers and resolve outage,Response
Network Infrastructure,Waterfall,Regulatory,Reporting,Delayed regulatory reporting,Compliance Manager,Medium,Low,5,Open,Automate reporting processes,Monitoring
Network Infrastructure,Waterfall,Financial,Fraud,Financial fraud in vendor transactions,Audit Manager,High,Low,7,Open,Implement transaction monitoring,Assessment
Network Infrastructure,Waterfall,Operational,Capacity Planning,Insufficient bandwidth for peak traffic,Infrastructure Architect,Medium,High,7,Open,Increase bandwidth,Identification
Network Infrastructure,Waterfall,Technical,Obsolescence,End-of-life for critical network hardware,Network Engineer,High,Low,6,Open,Plan phased replacement,Planning
Network Infrastructure,Waterfall,Environmental,Fire,Fire risk at data centers,Facilities Manager,High,Low,7,Open,Install advanced fire suppression,Identification
Network Infrastructure,Waterfall,Security,Physical Breach,Unauthorized access to telecom facilities,Security Officer,High,Medium,8,Open,Install advanced access controls,Identification
Network Infrastructure,Waterfall,Human Resources,Human Error,Manual errors during installation,Network Engineer,Medium,Medium,6,Open,Increase staff training,Assessment
Network Infrastructure,Waterfall,Strategic,Vendor Lock-in,Dependency on single vendor for key equipment,Strategy Lead,Medium,Medium,7,Open,Diversify suppliers,Assessment
Network Infrastructure,Waterfall,Reputational,Customer Complaints,High volume of customer complaints,PR Manager,High,High,9,Open,Improve customer support,Response
Network Infrastructure,Waterfall,Customer Impact,SLA Breach,Failure to meet SLA commitments,Customer Service Lead,High,Medium,8,Open,Review SLA terms,Identification
Network Infrastructure,Waterfall,Regulatory,Licensing,Expired network operating licenses,Legal Counsel,Medium,Low,5,Open,Renew licenses,Identification
Network Infrastructure,Waterfall,Financial,Investment Shortfall,Insufficient investment in upgrades,Finance Lead,Medium,Medium,7,Open,Seek additional funding,Planning
Network Infrastructure,Waterfall,Operational,Process Inefficiency,Lengthy network maintenance procedures,Process Manager,Medium,Medium,6,Open,Optimize procedures,Analysis
Network Infrastructure,Waterfall,Technical,Compatibility Issue,New hardware incompatible with legacy systems,Infrastructure Architect,Medium,Medium,7,Open,Test compatibility before purchase,Identification
Network Infrastructure,Waterfall,Environmental,Extreme Weather,Extreme weather affecting outdoor equipment,Facilities Manager,High,Low,8,Open,Weather-proof installations,Monitoring
Network Infrastructure,Waterfall,Security,Data Breach,Unauthorized exposure of customer data,CISO,High,Medium,9,Open,Strengthen data security,Assessment
Network Infrastructure,Waterfall,Human Resources,Staff Turnover,High turnover among network engineers,HR Manager,Medium,Medium,6,Open,Implement retention programs,Analysis
Network Infrastructure,Waterfall,Strategic,Tech Disruption,Emergence of disruptive telecom tech,Strategy Lead,Medium,Low,6,Open,Research new technologies,Identification
Network Infrastructure,Waterfall,Reputational,Social Media Backlash,Negative feedback on social media,PR Manager,High,Medium,8,Open,Engage with affected users,Response
Network Infrastructure,Waterfall,Customer Impact,Poor Quality,Frequent quality issues in service,Customer Service Lead,High,Medium,8,Open,Implement quality checks,Monitoring
Network Infrastructure,Waterfall,Regulatory,Health & Safety,Non-compliance with safety standards,Health & Safety Officer,Medium,Low,5,Open,Conduct safety training,Assessment
Network Infrastructure,Waterfall,Financial,Delayed Payments,Delayed payments to suppliers,Finance Lead,Medium,Medium,7,Open,Automate payment processing,Assessment
Network Infrastructure,Waterfall,Operational,Redundancy Failure,Failure of network redundancy systems,Network Engineer,High,Low,8,Open,Test redundancy systems regularly,Monitoring
Network Infrastructure,Waterfall,Technical,Patch Management,Delayed software patching,IT Manager,Medium,Low,6,Open,Automate patch scheduling,Identification
Network Infrastructure,Waterfall,Environmental,Earthquake,Earthquake risk to infrastructure,Facilities Manager,High,Low,8,Open,Earthquake-proof installations,Assessment
Network Infrastructure,Waterfall,Security,Encryption Failure,Failure of encryption software,Security Officer,High,Low,8,Open,Upgrade encryption protocols,Analysis
Network Infrastructure,Waterfall,Human Resources,Training Gap,Insufficient training programs for tech staff,HR Manager,Medium,Medium,6,Open,Launch training initiatives,Planning
Network Infrastructure,Waterfall,Strategic,Market Saturation,Limited growth due to saturated market,Strategy Lead,Medium,Low,5,Open,Explore new markets,Identification
Network Infrastructure,Waterfall,Reputational,Brand Damage,Brand damage after repeated outages,PR Manager,High,High,9,Open,Rebrand and improve reliability,Response
Network Infrastructure,Waterfall,Customer Impact,Billing Error,Errors in customer billing system,Customer Service Lead,Medium,Medium,7,Open,Audit billing system,Assessment
Network Infrastructure,Waterfall,Regulatory,Import Restrictions,Delays due to new import restrictions,Supply Chain Manager,Medium,Low,5,Open,Seek alternative suppliers,Assessment
Network Infrastructure,Waterfall,Financial,Unexpected Fees,Unexpected regulatory fees,Finance Lead,Medium,Low,5,Open,Review fee structures,Identification
Network Infrastructure,Waterfall,Operational,Inventory Error,Errors in network equipment inventory,Inventory Manager,Medium,Medium,6,Open,Implement inventory management system,Identification
Network Infrastructure,Waterfall,Technical,Integration Failure,Failure to integrate new systems,IT Manager,High,Low,8,Open,Conduct integration testing,Planning
Network Infrastructure,Waterfall,Environmental,Power Outage,Frequent power outages affecting network,Facilities Manager,High,Medium,8,Open,Install backup generators,Planning
Network Infrastructure,Waterfall,Security,Insider Threat,Malicious actions by internal staff,CISO,High,Low,7,Open,Monitor staff activity,Assessment
Network Infrastructure,Waterfall,Human Resources,Recruitment Delay,Delays in hiring technical staff,HR Manager,Medium,Low,5,Open,Streamline recruitment process,Identification
Network Infrastructure,Waterfall,Strategic,M&A Risk,Risks from mergers and acquisitions,Strategy Lead,Medium,Medium,6,Open,Conduct M&A risk analysis,Assessment
Network Infrastructure,Waterfall,Reputational,Unresolved Issues,Public criticism due to unresolved issues,PR Manager,High,Medium,8,Open,Improve issue resolution,Response
Network Infrastructure,Waterfall,Customer Impact,Delayed Response,Slow response to customer complaints,Customer Service Lead,Medium,Medium,7,Open,Improve response time,Monitoring
Network Infrastructure,Waterfall,Regulatory,Non-compliance,General non-compliance with telecom laws,Compliance Manager,High,Low,7,Open,Conduct compliance review,Monitoring
Network Infrastructure,Waterfall,Financial,Cost Overrun,Project costs exceeding budget,Finance Lead,High,Medium,7,Open,Review budget allocations,Assessment
Network Infrastructure,Waterfall,Operational,Asset Misplacement,Misplacement of key network assets,Inventory Manager,Medium,Medium,6,Open,Tag all assets,Identification
Network Infrastructure,Waterfall,Technical,Firmware Failure,Firmware failure on network devices,IT Manager,High,Medium,8,Open,Upgrade firmware,Assessment
Network Infrastructure,Waterfall,Environmental,Lightning Damage,Lightning strikes damaging equipment,Facilities Manager,High,Low,7,Open,Install lightning protection,Identification
Network Infrastructure,Waterfall,Security,Denial of Service,Network under DoS attack,CISO,High,High,9,Open,Implement DoS protections,Response
Network Infrastructure,Waterfall,Human Resources,Skill Gap,Lack of expertise in new technologies,HR Manager,Medium,Medium,6,Open,Offer specialized training,Planning
Network Infrastructure,Waterfall,Strategic,Tech Forecasting,Poor forecasting of tech trends,Strategy Lead,Medium,Low,5,Open,Improve market analysis,Identification
Network Infrastructure,Waterfall,Reputational,Negative Reviews,Negative reviews on third-party sites,PR Manager,High,Medium,8,Open,Respond to reviews,Response
Network Infrastructure,Waterfall,Customer Impact,Service Quality Drop,Drop in service quality post-upgrade,Customer Service Lead,High,Medium,8,Open,Monitor and resolve issues,Monitoring
Network Infrastructure,Waterfall,Regulatory,Audit Failure,Failure to pass telecom audits,Compliance Manager,High,Low,8,Open,Prepare audit documentation,Identification
Network Infrastructure,Waterfall,Financial,Resource Allocation,Delayed funds for maintenance projects,Finance Lead,Medium,Medium,7,Open,Expedite fund release,Analysis
Network Infrastructure,Waterfall,Operational,Workforce Shortage,Shortage of skilled network technicians,HR Manager,Medium,Medium,6,Open,Recruit and train staff,Identification
Network Infrastructure,Waterfall,Technical,Obsolescence,End-of-life for critical network hardware,Network Engineer,High,Low,6,Open,Plan phased replacement,Planning
Network Infrastructure,Waterfall,Environmental,Fire Damage,Fire risk at data centers,Facilities Manager,High,Low,7,Open,Install advanced fire suppression,Identification
Network Infrastructure,Waterfall,Security,Patch Failure,Patch fails to install on network devices,CISO,High,Medium,8,Open,Test patches before deployment,Assessment
Network Infrastructure,Waterfall,Human Resources,Retention Problem,Low retention rates among engineers,HR Manager,Medium,Medium,6,Open,Improve retention policies,Assessment
Network Infrastructure,Waterfall,Strategic,Vendor Dependency,Excessive reliance on single vendor,Strategy Lead,Medium,Medium,7,Open,Negotiate with multiple vendors,Planning
Network Infrastructure,Waterfall,Reputational,Delayed Remediation,Slow remediation after incidents,PR Manager,Medium,Medium,7,Open,Speed up incident response,Monitoring
Network Infrastructure,Waterfall,Customer Impact,Faulty Installation,Improper installation affecting service,Customer Service Lead,Medium,Low,5,Open,Audit installation process,Identification
Network Infrastructure,Waterfall,Regulatory,Privacy Violation,Privacy violation due to mismanaged data,Compliance Manager,High,Low,7,Open,Review data management policies,Assessment
Network Infrastructure,Waterfall,Financial,Budget Cuts,Budget cuts impacting upgrades,Finance Lead,High,Medium,8,Open,Prioritize essential upgrades,Planning
Network Infrastructure,Waterfall,Operational,Service Interruption,Short-term interruptions due to repairs,Network Engineer,Medium,Medium,7,Open,Notify customers in advance,Monitoring
Network Infrastructure,Waterfall,Technical,Scalability,Network unable to handle future growth,Infrastructure Architect,Medium,High,8,Open,Upgrade scalable systems,Planning
Network Infrastructure,Waterfall,Environmental,Weather Damage,Weather-related damage to outdoor nodes,Facilities Manager,High,Low,7,Open,Install weather protection,Identification
Network Infrastructure,Waterfall,Security,Malware Infection,Network infected with malware,CISO,High,Medium,8,Open,Install anti-malware tools,Assessment
Network Infrastructure,Waterfall,Human Resources,Overwork,Burnout among network staff,HR Manager,Medium,Medium,6,Open,Monitor workload,Assessment
Network Infrastructure,Waterfall,Strategic,Regulatory Shift,Unexpected change in telecom regulations,Strategy Lead,Medium,Low,6,Open,Monitor regulatory trends,Assessment
Network Infrastructure,Waterfall,Reputational,Delayed Response,Delayed response to public complaints,PR Manager,Medium,Medium,7,Open,Improve PR processes,Monitoring
Network Infrastructure,Waterfall,Customer Impact,Missed Installation,Missed scheduled installation appointments,Customer Service Lead,Medium,Low,5,Open,Improve scheduling,Identification
Network Infrastructure,Waterfall,Regulatory,Contract Breach,Breach of telecom contracts,Legal Counsel,Medium,Low,6,Open,Review contract obligations,Assessment
Network Infrastructure,Waterfall,Financial,Exchange Rate Risk,Exchange rate fluctuations impacting costs,Finance Lead,Medium,Medium,7,Open,Hedge currency risks,Analysis
Network Infrastructure,Waterfall,Operational,Supply Chain Disruption,Disruption in supply of network components,Supply Chain Manager,High,Medium,8,Open,Develop contingency plans,Planning
Network Infrastructure,Waterfall,Technical,Version Conflict,Software version conflicts on network devices,IT Manager,Medium,Medium,7,Open,Standardize software versions,Assessment
Network Infrastructure,Waterfall,Environmental,Pollution,Environmental pollution affecting installations,Facilities Manager,Medium,Low,6,Open,Use eco-friendly materials,Assessment
Network Infrastructure,Waterfall,Security,Unauthorized Access,Unauthorized access to network control panels,CISO,High,Medium,8,Open,Improve access controls,Analysis
Network Infrastructure,Waterfall,Human Resources,Staff Absence,High absenteeism among technicians,HR Manager,Medium,Low,5,Open,Monitor and support staff,Identification
Network Infrastructure,Waterfall,Strategic,Expansion Risk,Risks linked to network expansion projects,Strategy Lead,Medium,Medium,7,Open,Conduct feasibility studies,Planning
Network Infrastructure,Waterfall,Reputational,PR Crisis,Major PR crisis after incident,PR Manager,High,High,9,Open,Deploy crisis management,Response
Network Infrastructure,Waterfall,Customer Impact,Connection Drop,Frequent dropped connections,Customer Service Lead,High,High,9,Open,Investigate drop causes,Analysis
Network Infrastructure,Waterfall,Regulatory,Export Restrictions,Restrictions on exporting network technology,Legal Counsel,Medium,Low,6,Open,Assess alternative markets,Identification
Network Infrastructure,Waterfall,Financial,Revenue Loss,Loss of revenue due to service downtime,Finance Lead,High,Medium,8,Open,Implement redundancy measures,Response
Network Infrastructure,Waterfall,Operational,Documentation Error,Incorrect network documentation,Documentation Specialist,Medium,Medium,7,Open,Update documentation standards,Assessment
Network Infrastructure,Waterfall,Technical,Backup Failure,Failure of network backup systems,IT Manager,High,Low,8,Open,Regularly test backups,Monitoring
Network Infrastructure,Waterfall,Environmental,Wildlife Damage,Wildlife interference with network assets,Facilities Manager,Medium,Low,6,Open,Protect assets from wildlife,Identification
Network Infrastructure,Waterfall,Security,Vulnerability,Unpatched vulnerability in network software,CISO,High,High,9,Open,Patch vulnerabilities promptly,Assessment
Network Infrastructure,Waterfall,Human Resources,Conflict,Conflict between network teams,HR Manager,Medium,Low,5,Open,Mediate disputes,Assessment
Network Infrastructure,Waterfall,Strategic,Tech Partnership Risk,Risks in technology partnerships,Strategy Lead,Medium,Medium,6,Open,Review partnership agreements,Assessment
Network Infrastructure,Waterfall,Reputational,Service Outage Coverage,Negative coverage of service outages,PR Manager,High,Medium,8,Open,Improve outage communications,Response
Network Infrastructure,Waterfall,Customer Impact,Long Wait Times,Long wait times for customer support,Customer Service Lead,Medium,Medium,7,Open,Reduce support wait times,Monitoring
